{
  "model_xgboost": 19.73663630947148,
  "naive_last_value": 25.664671964421665,
  "seasonal_naive_52w": 27.773866648754275,
  "prophet": 30.389402383129116
}