{
  "constant_mean": {
    "rmse": 0.29553857396581074,
    "mae": 0.25622437476132087,
    "r2": -3.904783360653141e-06
  },
  "linear_regression": {
    "rmse": 0.25342299921920936,
    "mae": 0.1940872440377247,
    "r2": 0.26469858488322273
  },
  "xgboost": {
    "rmse": 0.19945012511765445,
    "mae": 0.16017253433573977,
    "r2": 0.5445486694774437
  }
}